{"accuracy": [0.5712924003601074, 0.8493492007255554, 0.9100362658500671, 0.9372928142547607, 0.9530976414680481, 0.9628992080688477, 0.9701827764511108, 0.9765559434890747, 0.9774664044380188, 0.9815918803215027], "loss": [1.4690359830856323, 0.46972423791885376, 0.27886584401130676, 0.19020067155361176, 0.14119690656661987, 0.11312133818864822, 0.0896393433213234, 0.07474733889102936, 0.06654205918312073, 0.05691700428724289], "val_accuracy": [0.8021852970123291, 0.8854996562004089, 0.9171978235244751, 0.9094012975692749, 0.9389938712120056, 0.9599931836128235, 0.963464617729187, 0.9473594427108765, 0.9539608359336853, 0.9653425812721252], "val_loss": [0.6286123991012573, 0.34751763939857483, 0.24328729510307312, 0.29183536767959595, 0.19200220704078674, 0.12474337220191956, 0.11698980629444122, 0.17662204802036285, 0.1553492397069931, 0.11628161370754242]}